Chromosome	Node	Accession ID	End Position	Start Position	Sequence Overlap	Left Overlap	Right Overlap
1	NODE_6556_length_1545_cov_2.754768__3	NC_035108.1	233462708	233462410	GGAGAAGTACAGGAAGTAGGACGTCAAGGAAGTGGAAATATAAGTGTACACGAGACCACGAAATAGAGGGAGTTTTACTTGAGCCAATCTGTAAGTGTTTTCTTTCGCGGAGTGTCACGAGCCTAGCGCCGACCCTGAGGCTTGGAGACGGGGGTCTCATCTAGGCTGGGAGTAACACGGCCTGCAAGTTATACTTTGGCACCCAACGTGAATTGTCTTTGGCATTCCGTGCTAGGGAAACACTTTAGATTTGATAACTTTTCTTTGCGGAGGTCTCTGGGAAAACATCCCGAAGTCAC	GTGCCAAAG
1	NODE_6556_length_1545_cov_2.754768__3	NC_035107.1	151734499	151734480	CACGTTGGGTGCCAAAGTGT	GTGCCAAAGTG
1	NODE_6556_length_1545_cov_2.754768__3	NC_035109.1	223668541	223668522	CACGTTGGGTGCCAAAGTGT	GTGCCAAAGTG
1	NODE_6556_length_1545_cov_2.754768__3	NW_018736169.1	12309	12290	CACGTTGGGTGCCAAAGTGT	GTGCCAAAGTG
1	NODE_9480_length_1299_cov_3.987725__2	NC_035109.1	137741241	137741226	CTCGTCGCCACTTTTA	CGCCACTTTT
1	NODE_9480_length_1299_cov_3.987725__2	NC_035108.1	303162065	303162050	CTCGTCGCCACTTTTA	CGCCACTTTT
1	NODE_162_length_4261_cov_4.186663__3	NC_035107.1	162887448	162885038	CCGTCAAACCTCCCGCCGTCGAGCCACCCGCCATCAAGCCACCCGCCGTCAAGCCACCCCCGTCGTCCACTCGCCACCATGCCATCAACCCAAAGCCTAGATCTCGCAACGTAACCTCCAACCATCAATCCGTGAGTAATAAAGTGTCTAAATTCACTTCCGAACTTTGACCACTAGCAAGGTCCGAAAACCTCCCCATAACCTCCAACGACCCTGGGACTCGAGGACCAAAAGAGGCCTTGTGTGCCCGCCCCGTAGGTTGCCGTTGGCTTTAGACCAGCAACCTGGGGTTTAGGACGTTCCCCCTTCTGGGTGCGTCGATCATATCCTCGAGGGCTAAGAGGCCGTACCAGAAACGGTAACATATGGCGCCCAACGTAAAATTCTGGAAGTTACCCAGCAAGGAAAAGTATTCAGGGAATATTTTTTCTCTCGAGGTGTGGGGGAGTTTTCGCGAAAATCGCATTTTCTCTCAATCAATTAAATTCGCCCTGGTTGGTCCTTATCTAGCCTGCCAAAATTAGCTTGATTGCGCTGGGGAAAGTATTGAAAACGTGTCGCGGTCGCGGGTGCTGAAGCACAAAATAGGCTCAGTAGAATATCTATCAGACAGATTATCGAAAAATACTAACCTGCTTTGTTCATCTACGGAAAATTAGCTACATGTGAGTTTGAAGACTTAGAAACTATCGGAGTTTTCGTTCGTCCTAAAGGTGAATCCAATCGACATACATCCCTCCCATAGTTGAGTTTATTAGCCAATTGTCCAGAAGATCATTTTCAAAATGCCACGACTCTCAGGAGAAGAATTCTGCACTGTGTACCGTACGCTTCGCGTTGACCACCTCACAGCGGGTGAGTTAGATTACGAACTGCTTCTTCGAAACATCGCGATCGCCGAAGATGAGTCTCTTTGTAAACGTAGACGCCGGTTGCGGGAGATCCTAAAACAAGAGAAAGAAGGCCATGAGAATATTATGGAGTTCGATCTAGATCCGGAAGTTGATTTTAACTATTGCTTGAAGATTTTCCAAGAGATCAGAAGAACCCTTGAAATTAAAGACAAGAGCAGCGACCATTGTAGAGCTAGACTTCTTCACTTAGGTCATCGTTTGACCGTGATTAGAAACCACTGTAGTGGCGAGTTAGCGTCAAAATGCCATGAGTTGTATCAAAAGGTAATAGCCTTGTTCTCAAACCATTTCGGGAATGAAAACAGTTTTTCCACCGACGGTGATTCTTCAACTTCAAGTGGAAATGAATTACCACAAGGAGCGGCTGCGCTTAGGCCCCCTCCTGCGGCACCTTTTACGGGAACAAAACCAAAACGAATGATGGTAAAATATGTGACTATGCAAGATTTTACATCCGCCATGAAAGAAGTTGCTGATCTTTTCAAGGGGTTGACTACTGAACTCCGACAATTGAAAACGGAACTTCAGACAAGAAAATCTACACCGGTTTGTGACTTTGATCTGTCAGACATCAGCGACCCTATCGCTGAATCCGAACGGAAAGGTGAACATATCACAACTGAGGTGGAAACTAAATCGTTTCCGCGTCCCGTAACTCAGGTAACGACTGCAATCAGTCAGAGCATTCTTTTTCCTCCCCCTCAAGCGGTTCAGAATTTCACTGCATCATCACGCTCACAAGCGCCAACTACACTGCCTCCCATTGGGAATAACCTTATGTTCAACACCACGAACCCTTTTACCCAAGATGTTTCAGGGTTGGGTCAGACAGTGGATCCAGGTCGCTCTGAACCGACAGTGACATTCGCTAGACCACCGGCTGCATATCGAGAGTTTGTACCATCGACGGCGCCAATGAATGGATCGTTTCAGATAAGTCCTACTTGGTATAATAATCGATACAATACAGAGGTAGTCCAATATCCCCGGTGGTCGGAGTCCGAAGCTCCCCCACCACCACAGGTTCATAACCCTGGGTTAACGCGTTCATTCTTACCTGTCCTTGGATGCCAACCATCCCTTCCGGTGATGCACAGCCATCCCAACCCCCAGAGAGAAAGACGCACACCCGTCTTTCAGCCTCGTAAAGTTATCCCTGTTTCGCAGTGGAAAATCCAAAAATACAAGGCAGACGACCAAGGACTAGGAATGAATGAGTTCTTGGAGAATGTGAATCAAATGGCTCTCTCTGAGCATGTTTCAGCAGAGGATTTGTTTGACTCAGCCATCCATCTATTTGACGGGCCAGCACTTAGTTGGTACACGGCCATGAGGAGTCAAGATCGGTTGAGGGATTGGAGCCACTTGATTCAAGAACTAAAACAAGCATTCCGACATCCCGATTTGGATGCGGTGCTTAGAGTAAAAATTTATCAATACCGACAACAGCGACATGAAACGTTCCAGCAATATTATTTGCACATGGAAAAAATGTTC	TTCT
1	NODE_9699_length_1361_cov_4.912773__2	NC_035109.1	137741241	137741226	CTCGTCGCCACTTTTA	CGCCACTTTT
1	NODE_9699_length_1361_cov_4.912773__2	NC_035108.1	303162065	303162050	CTCGTCGCCACTTTTA	CGCCACTTTT
1	NODE_2365_length_1866_cov_4.598658__11	NC_035107.1	152068548	152068536	GGTCACCATGTGT
1	NODE_10265_length_1189_cov_3.650180__2	NC_035109.1	137741231	137741226	CTCGTC
1	NODE_10265_length_1189_cov_3.650180__2	NC_035108.1	303162055	303162050	CTCGTC
1	NODE_17297_length_1538_cov_9.180014__2	NC_035109.1	137741241	137741226	CTCGTCGCCACTTTTA	CGCCACTTTT
1	NODE_17297_length_1538_cov_9.180014__2	NC_035108.1	303162065	303162050	CTCGTCGCCACTTTTA	CGCCACTTTT
1	NODE_52004_length_779_cov_7.921652__11	NC_035107.1	152068548	152068536	GGTCACCATGTGT
2	NODE_18_length_5239_cov_3.017241__4	NC_035108.1	245614028	245612506	CAAGCTCTGCGTCGATTTGCATCCAGGAGGGGCAAGCCCAAGGACATGTACTCCGACAACGGTACTAACTTCGTAGGGGCATGCAACAAGCTGCGAGACTTGAACGATTTGTTAAAAAGTCCTGCGCATAAAGAGAAGATAGCTTATCATTGCTTGGAAGAAGGGACCCAATGGCACTTTAATCCGCCAAGTGCCCCACACTTTGGAGGTTTATGGGAGGCGGCAGTGCGGTCAGCTAAGGGGCATCTGCTGAAGGTTGTAGGAGAAACACTAATCTCCCCAGAGGATATGACGACACTTCTGGCTCAAGTAGAAGGTTGCCTTAATTCCCGACCACTGACACCCATGTCCGATGATCCCAATGACCTGGATCCGTTAACTCCGTCACATTTTTTGATTGGGTCGAATTTACAGGCACTTCCAGATCCAGATTTGGACAATTTTCCAATGAATCGTTTAGATCGCTACCAGTTAGTTCAAAAAATCCTCCAAGATTTTTGGAAAAGATGGAGACGTGAATACTTGTGCCAGCTTCAAGGTAGAAATAAACGCTGGAAGCCACCGATTCGAATCGACATTGGAAAACTTGTCGTAATCCGAGAGGACAACCTACCTCCGATGAAATGGAAAATGGGTCGTATAACAGGTATCCATCCTGGAGCAGACGGAATAGTGAGAGTGGTAACATTAAAAACCGCATCTGGGACCTTGAAACGTGCTGTAGAGAAACTGTGTTTGTTACCAGCAGAATCAACGCCTAGCCAACAGAACCAATGAAATCACCAAATCCTTTCCTTTCCTTCCCTGTCGAAGAGGATTTTTATTTCGTTTCAGAAATTTAGAAATTTCAGGGTGGGTGAGGATGTTGTGTACCATCTCCCCCCTCGAACAACATCCCTGGATCCAGCTCAGATTTACTGCGATCTGTTGCTTCAGCAAAACAATGAGCTAGCTGCGAGCCAAGATATCGGGTGGATCAGAGGCAGCGGAGCAATAGGTATGGGAAGGGGTTAAGGTTGATAAACAACTATCGACAACTACCTACGGCGTTGAGAGAAGTTGGCGGGCTAGGAGACATCGGGAGAACGCTTGCATCTGAATCTGCCGTGGAACATATGTTGCGAAGAGATAGATGAAAGTTAGGTGAGCGTTCTCTGCTCTTGCATTGGATCCGATCTTCGGTATCCTGTAGATAGTTGTAGCCAGACCAGTTAGATACGATACCTCCAACCGATCACGAGCGCGTTTGTAGAGGCCTTCACGCGGCCGCTCTTTTCGTCATTTTGTGTCTAGTGTTTAAGAGTTTCATGTTAGTTAATAAGTGAATAAATGTAGTCCGTTTAGTTTTCGTGTTTTTTGGTAAATACAGTGTTTTAATGTACCGCGAGTGTGTCGTTCTATTGCCACGGAAGAATAGTGCCCAAAACCCAAAACTACCCCGGTAAGGATCTGGACGCTCAATCACTGGAAGGTCTCAATCGGATCCCCTTATTCCACTCACAATCAATCCGTTCGAGTGTTGA	GAACGACACACTCG
2	NODE_6556_length_1545_cov_2.754768__3	NC_035108.1	233462708	233462410	GGAGAAGTACAGGAAGTAGGACGTCAAGGAAGTGGAAATATAAGTGTACACGAGACCACGAAATAGAGGGAGTTTTACTTGAGCCAATCTGTAAGTGTTTTCTTTCGCGGAGTGTCACGAGCCTAGCGCCGACCCTGAGGCTTGGAGACGGGGGTCTCATCTAGGCTGGGAGTAACACGGCCTGCAAGTTATACTTTGGCACCCAACGTGAATTGTCTTTGGCATTCCGTGCTAGGGAAACACTTTAGATTTGATAACTTTTCTTTGCGGAGGTCTCTGGGAAAACATCCCGAAGTCAC	GTGCCAAAG
2	NODE_6556_length_1545_cov_2.754768__3	NC_035107.1	151734499	151734480	CACGTTGGGTGCCAAAGTGT	GTGCCAAAGTG
2	NODE_6556_length_1545_cov_2.754768__3	NC_035109.1	223668541	223668522	CACGTTGGGTGCCAAAGTGT	GTGCCAAAGTG
2	NODE_6556_length_1545_cov_2.754768__3	NW_018736169.1	12309	12290	CACGTTGGGTGCCAAAGTGT	GTGCCAAAGTG
2	NODE_42_length_6556_cov_3.949145__2	NC_035107.1	151734499	151734480	CACGTTGGGTGCCAAAGTGT	GTGCCAAAGTG
2	NODE_42_length_6556_cov_3.949145__2	NC_035108.1	233462862	233461831	GGAAAGATAGATCAGAAGGAAGAAGAGAGGAAGTGAGTGAGAAACTGGACATCCAGGTAAATCCCGTCCCAAAATAACCCTGAACCTAGTTCGACCGTATCGTGCCTAACCCACCATTTTGAACCCTCGTCGTGCCCACAGGACCTTGCGGTTTTTATTTAAAAACGCCATTGTGGTTTGAGCCTTTCCACCGTAGCCTACCTGCGTTGACCCTGTGAATCCGTGAAGACCTGTACCCCAGAACGACAACCAAGTGCGCTTGGAAACCCAGGCTTTCCAGTGAATCCACGGATCACTGAAGCCTCGAGTCCGTCACCATACTCGAGGGGCGCACGGGACAGGCACGAGGTCGACGAGAGGCTGCAGACGAAGGAGAAAAAGGAGAAGGAAGGAGTCATCGTCGCCCCTGGCCAGAAGAGAAGGAGACGTCTGAGCGGTCGGTGAAGGAGGAGTGGAGAAGGTGCTGTAGTGCGCGGGGCCCCGAAGAAGTGAAGGAATTGTAAGGTAGGAGTAGGATAAGAAAGTGGGAGGCGTCGTGAGGTGTTGAGGACGGACGCAAGGATAGAGAAGGGAAAGTCAGGAGAAGTACAGGAAGTAGGACGTCAAGGAAGTGGAAATATAAGTGTACACGAGACCACGAAATAGAGGGAGTTTTACTTGAGCCAATCTGTAAGTGTTTTCTTTCGCGGAGTGTCACGAGCCTAGCGCCGACCCTGAGGCTTGGAGACGGGGGTCTCATCTAGGCTGGGAGTAACACGGCCTGCAAGTTATACTTTGGCACCCAACGTGAATTGTCTTTGGCATTCCGTGCTAGGGAAACACTTTAGATTTGATAACTTTTCTTTGCGGAGGTCTCTGGGAAAACATCCCGAAGTCACTTACAAAATTGACGTCACGAACTACTTTGGAGTTGTTCAGAACTTGTAATCATTGTTACCATAACGGAGGTCTTGGAATTCCCAAGTGGCAAGATAGCTACCAATCATTGTTGAGAACGAATTTAAAACAGAATCGGAGTAATTTGTAAAATTT	GTGCCAAAG
2	NODE_42_length_6556_cov_3.949145__2	NC_035109.1	223668541	223668522	CACGTTGGGTGCCAAAGTGT	GTGCCAAAGTG
2	NODE_42_length_6556_cov_3.949145__2	NW_018736169.1	12309	12290	CACGTTGGGTGCCAAAGTGT	GTGCCAAAGTG
2	NODE_1974_length_2608_cov_2.493281__2	NC_035108.1	243831015	243830756	GAAGTAGGACGTCAAGGAAGTAGAAATACAAGTGTTCACGAGACCACGAAATAGAGGGAGTTCTACTGGAATCTATGTATGAGTGTTTTCTTTCGCCTAGTGTCACGAGCGTAGCGCCGACCCTGAGTTATCTTGGCCTGTGTGTTTCGGAGAAGAATGTAGAGAAACACCGAGCAAATCTAGGAACTATATTACAATTTTTAACCGAATGAACCAATTAGACTTAGTCAGCATTTTTCTTGGATGCTCAAATTATTTAG
2	NODE_1974_length_2608_cov_2.493281__2	NC_035109.1	223668541	223668522	CACGTTGGGTGCCAAAGTGT	GTGCCAAAGTG
2	NODE_1974_length_2608_cov_2.493281__2	NW_018736169.1	12309	12290	CACGTTGGGTGCCAAAGTGT	GTGCCAAAGTG
2	NODE_1974_length_2608_cov_2.493281__2	NC_035107.1	151734499	151734480	CACGTTGGGTGCCAAAGTGT	GTGCCAAAGTG
2	NODE_18419_length_1083_cov_3.704771__2	NC_035109.1	137741241	137741226	CTCGTCGCCACTTTTA	CGCCACTTTT
2	NODE_18419_length_1083_cov_3.704771__2	NC_035108.1	303162065	303162050	CTCGTCGCCACTTTTA	CGCCACTTTT
2	NODE_2365_length_1866_cov_4.598658__11	NC_035107.1	152068548	152068536	GGTCACCATGTGT
2	NODE_10265_length_1189_cov_3.650180__2	NC_035109.1	137741231	137741226	CTCGTC
2	NODE_10265_length_1189_cov_3.650180__2	NC_035108.1	303162055	303162050	CTCGTC
2	NODE_162_length_4261_cov_4.186663__3	NC_035107.1	162887448	162885038	CCGTCAAACCTCCCGCCGTCGAGCCACCCGCCATCAAGCCACCCGCCGTCAAGCCACCCCCGTCGTCCACTCGCCACCATGCCATCAACCCAAAGCCTAGATCTCGCAACGTAACCTCCAACCATCAATCCGTGAGTAATAAAGTGTCTAAATTCACTTCCGAACTTTGACCACTAGCAAGGTCCGAAAACCTCCCCATAACCTCCAACGACCCTGGGACTCGAGGACCAAAAGAGGCCTTGTGTGCCCGCCCCGTAGGTTGCCGTTGGCTTTAGACCAGCAACCTGGGGTTTAGGACGTTCCCCCTTCTGGGTGCGTCGATCATATCCTCGAGGGCTAAGAGGCCGTACCAGAAACGGTAACATATGGCGCCCAACGTAAAATTCTGGAAGTTACCCAGCAAGGAAAAGTATTCAGGGAATATTTTTTCTCTCGAGGTGTGGGGGAGTTTTCGCGAAAATCGCATTTTCTCTCAATCAATTAAATTCGCCCTGGTTGGTCCTTATCTAGCCTGCCAAAATTAGCTTGATTGCGCTGGGGAAAGTATTGAAAACGTGTCGCGGTCGCGGGTGCTGAAGCACAAAATAGGCTCAGTAGAATATCTATCAGACAGATTATCGAAAAATACTAACCTGCTTTGTTCATCTACGGAAAATTAGCTACATGTGAGTTTGAAGACTTAGAAACTATCGGAGTTTTCGTTCGTCCTAAAGGTGAATCCAATCGACATACATCCCTCCCATAGTTGAGTTTATTAGCCAATTGTCCAGAAGATCATTTTCAAAATGCCACGACTCTCAGGAGAAGAATTCTGCACTGTGTACCGTACGCTTCGCGTTGACCACCTCACAGCGGGTGAGTTAGATTACGAACTGCTTCTTCGAAACATCGCGATCGCCGAAGATGAGTCTCTTTGTAAACGTAGACGCCGGTTGCGGGAGATCCTAAAACAAGAGAAAGAAGGCCATGAGAATATTATGGAGTTCGATCTAGATCCGGAAGTTGATTTTAACTATTGCTTGAAGATTTTCCAAGAGATCAGAAGAACCCTTGAAATTAAAGACAAGAGCAGCGACCATTGTAGAGCTAGACTTCTTCACTTAGGTCATCGTTTGACCGTGATTAGAAACCACTGTAGTGGCGAGTTAGCGTCAAAATGCCATGAGTTGTATCAAAAGGTAATAGCCTTGTTCTCAAACCATTTCGGGAATGAAAACAGTTTTTCCACCGACGGTGATTCTTCAACTTCAAGTGGAAATGAATTACCACAAGGAGCGGCTGCGCTTAGGCCCCCTCCTGCGGCACCTTTTACGGGAACAAAACCAAAACGAATGATGGTAAAATATGTGACTATGCAAGATTTTACATCCGCCATGAAAGAAGTTGCTGATCTTTTCAAGGGGTTGACTACTGAACTCCGACAATTGAAAACGGAACTTCAGACAAGAAAATCTACACCGGTTTGTGACTTTGATCTGTCAGACATCAGCGACCCTATCGCTGAATCCGAACGGAAAGGTGAACATATCACAACTGAGGTGGAAACTAAATCGTTTCCGCGTCCCGTAACTCAGGTAACGACTGCAATCAGTCAGAGCATTCTTTTTCCTCCCCCTCAAGCGGTTCAGAATTTCACTGCATCATCACGCTCACAAGCGCCAACTACACTGCCTCCCATTGGGAATAACCTTATGTTCAACACCACGAACCCTTTTACCCAAGATGTTTCAGGGTTGGGTCAGACAGTGGATCCAGGTCGCTCTGAACCGACAGTGACATTCGCTAGACCACCGGCTGCATATCGAGAGTTTGTACCATCGACGGCGCCAATGAATGGATCGTTTCAGATAAGTCCTACTTGGTATAATAATCGATACAATACAGAGGTAGTCCAATATCCCCGGTGGTCGGAGTCCGAAGCTCCCCCACCACCACAGGTTCATAACCCTGGGTTAACGCGTTCATTCTTACCTGTCCTTGGATGCCAACCATCCCTTCCGGTGATGCACAGCCATCCCAACCCCCAGAGAGAAAGACGCACACCCGTCTTTCAGCCTCGTAAAGTTATCCCTGTTTCGCAGTGGAAAATCCAAAAATACAAGGCAGACGACCAAGGACTAGGAATGAATGAGTTCTTGGAGAATGTGAATCAAATGGCTCTCTCTGAGCATGTTTCAGCAGAGGATTTGTTTGACTCAGCCATCCATCTATTTGACGGGCCAGCACTTAGTTGGTACACGGCCATGAGGAGTCAAGATCGGTTGAGGGATTGGAGCCACTTGATTCAAGAACTAAAACAAGCATTCCGACATCCCGATTTGGATGCGGTGCTTAGAGTAAAAATTTATCAATACCGACAACAGCGACATGAAACGTTCCAGCAATATTATTTGCACATGGAAAAAATGTTC	TTCT
2	NODE_9699_length_1361_cov_4.912773__2	NC_035109.1	137741241	137741226	CTCGTCGCCACTTTTA	CGCCACTTTT
2	NODE_9699_length_1361_cov_4.912773__2	NC_035108.1	303162065	303162050	CTCGTCGCCACTTTTA	CGCCACTTTT
2	NODE_9480_length_1299_cov_3.987725__2	NC_035109.1	137741241	137741226	CTCGTCGCCACTTTTA	CGCCACTTTT
2	NODE_9480_length_1299_cov_3.987725__2	NC_035108.1	303162065	303162050	CTCGTCGCCACTTTTA	CGCCACTTTT
3	NODE_6556_length_1545_cov_2.754768__3	NC_035108.1	233462708	233462410	GGAGAAGTACAGGAAGTAGGACGTCAAGGAAGTGGAAATATAAGTGTACACGAGACCACGAAATAGAGGGAGTTTTACTTGAGCCAATCTGTAAGTGTTTTCTTTCGCGGAGTGTCACGAGCCTAGCGCCGACCCTGAGGCTTGGAGACGGGGGTCTCATCTAGGCTGGGAGTAACACGGCCTGCAAGTTATACTTTGGCACCCAACGTGAATTGTCTTTGGCATTCCGTGCTAGGGAAACACTTTAGATTTGATAACTTTTCTTTGCGGAGGTCTCTGGGAAAACATCCCGAAGTCAC	GTGCCAAAG
3	NODE_6556_length_1545_cov_2.754768__3	NC_035107.1	151734499	151734480	CACGTTGGGTGCCAAAGTGT	GTGCCAAAGTG
3	NODE_6556_length_1545_cov_2.754768__3	NC_035109.1	223668541	223668522	CACGTTGGGTGCCAAAGTGT	GTGCCAAAGTG
3	NODE_6556_length_1545_cov_2.754768__3	NW_018736169.1	12309	12290	CACGTTGGGTGCCAAAGTGT	GTGCCAAAGTG
3	NODE_18419_length_1083_cov_3.704771__2	NC_035109.1	137741241	137741226	CTCGTCGCCACTTTTA	CGCCACTTTT
3	NODE_18419_length_1083_cov_3.704771__2	NC_035108.1	303162065	303162050	CTCGTCGCCACTTTTA	CGCCACTTTT
3	NODE_2365_length_1866_cov_4.598658__11	NC_035107.1	152068548	152068536	GGTCACCATGTGT
3	NODE_10265_length_1189_cov_3.650180__2	NC_035109.1	137741231	137741226	CTCGTC
3	NODE_10265_length_1189_cov_3.650180__2	NC_035108.1	303162055	303162050	CTCGTC
3	NODE_20403_length_1428_cov_5.301258__2	NC_035108.1	303162065	303162050	CTCGTCGCCACTTTTA	CGCCACTTTT
3	NODE_20403_length_1428_cov_5.301258__2	NC_035109.1	137741241	137741226	CTCGTCGCCACTTTTA	CGCCACTTTT
